master_item_id,itemname,material,altitude,description,radius,item_id,id,quantity,latitude,longitude,location,timestamp,manual_upload,log_index,project_id,project_name
129,Foam Fragment,PLASTIC,0.11809908412397,,4.7476225842487,1918,2220279,1,27.783117545666,-82.624127156114,St. Petersburg, Florida, United States of America,20221004225044,0,55855,154,Default
129,Foam Fragment,PLASTIC,1.7427702872083,,4.7456604677763,1918,2220293,1,27.783270146003,-82.624187620017,St. Petersburg, Florida, United States of America,20221004225615,0,55855,154,Default
129,Foam Fragment,PLASTIC,0.91386876162142,,4.7459477244304,1918,2220294,1,27.783263628424,-82.624197187529,St. Petersburg, Florida, United States of America,20221004225616,0,55855,154,Default
129,Foam Fragment,PLASTIC,1.9103091685101,,4.7594537375459,1918,2220306,1,27.783381716369,-82.624151399948,St. Petersburg, Florida, United States of America,20221004225825,0,55855,154,Default
129,Foam Fragment,PLASTIC,1.5616180570796,,4.7393671229998,1918,2220317,1,27.783397704414,-82.624196114337,St. Petersburg, Florida, United States of America,20221004230135,0,55855,154,Default
129,Foam Fragment,PLASTIC,1.4745403612033,,4.7387869074299,1918,2220318,1,27.783391780052,-82.62419843567,St. Petersburg, Florida, United States of America,20221004230140,0,55855,154,Default
129,Foam Fragment,PLASTIC,0.26953122764826,,4.740440026488,1918,2220348,1,27.783736727918,-82.624123214353,St. Petersburg, Florida, United States of America,20221004231238,0,55855,154,Default
129,Foam Fragment,PLASTIC,0.44110485166311,,4.7406475256386,1918,2220349,1,27.783739415464,-82.624128905924,St. Petersburg, Florida, United States of America,20221004231239,0,55855,154,Default
129,Foam Fragment,PLASTIC,7.7324205630795,,35.546226381748,1918,2220361,84,48.633018625646,-123.4083176373,North Saanich, British Columbia, Canada,20221004235012,0,55856,154,Default
110,Other Paper,BOAT PARTS,69.200004577637,,3.9000000953674,4844,2220216,1,43.2243337,-79.7860478,Hamilton, Ontario, Canada,20221004163057,0,55852,831,Green Venture Cleans Up
98,Other Plastic,OTHER ITEMS,70.200004577637,,10.821000099182,4841,2220219,1,43.2243597,-79.7861954,Hamilton, Ontario, Canada,20221004174825,0,55852,831,Green Venture Cleans Up
98,Other Plastic,OTHER ITEMS,71.800003051758,,13.493000030518,4841,2220222,1,43.2243688,-79.7861985,Hamilton, Ontario, Canada,20221004175202,0,55852,831,Green Venture Cleans Up
98,Other Plastic,OTHER ITEMS,71.800003051758,,13.493000030518,4841,2220223,1,43.2243688,-79.7861985,Hamilton, Ontario, Canada,20221004175202,0,55852,831,Green Venture Cleans Up
98,Other Plastic,OTHER ITEMS,72.900001525879,,12.687000274658,4841,2220224,1,43.224368,-79.7861974,Hamilton, Ontario, Canada,20221004175203,0,55852,831,Green Venture Cleans Up
98,Other Plastic,OTHER ITEMS,72.900001525879,,12.687000274658,4841,2220225,1,43.224368,-79.7861974,Hamilton, Ontario, Canada,20221004175203,0,55852,831,Green Venture Cleans Up
98,Other Plastic,OTHER ITEMS,69.900001525879,,12.526000022888,4841,2220226,1,43.2243685,-79.7861981,Hamilton, Ontario, Canada,20221004175207,0,55852,831,Green Venture Cleans Up
98,Other Plastic,OTHER ITEMS,1.8537261011079,,4.7846087924451,4841,2220287,1,27.783263389161,-82.624139633945,St. Petersburg, Florida, United States of America,20221004225350,0,55855,154,Default
98,Other Plastic,OTHER ITEMS,1.8955868184566,,4.7823851622881,4841,2220288,1,27.783273107346,-82.62414144854,St. Petersburg, Florida, United States of America,20221004225353,0,55855,154,Default
98,Other Plastic,OTHER ITEMS,2.2147142905742,,4.7960683659473,4841,2220289,1,27.783278490344,-82.624195939383,St. Petersburg, Florida, United States of America,20221004225423,0,55855,154,Default
98,Other Plastic,OTHER ITEMS,0.86341486126184,,4.7395394617489,4841,2220302,1,27.783279698442,-82.624207279953,St. Petersburg, Florida, United States of America,20221004225655,0,55855,154,Default
98,Other Plastic,OTHER ITEMS,1.9103091685101,,4.7635464837438,4841,2220307,1,27.783381716369,-82.624151399948,St. Petersburg, Florida, United States of America,20221004225828,0,55855,154,Default
98,Other Plastic,OTHER ITEMS,1.9103091685101,,4.7638775364475,4841,2220308,1,27.783381716369,-82.624151399948,St. Petersburg, Florida, United States of America,20221004225829,0,55855,154,Default
98,Other Plastic,OTHER ITEMS,1.9340327493846,,4.7640645463012,4841,2220309,1,27.78338632258,-82.624143486386,St. Petersburg, Florida, United States of America,20221004225831,0,55855,154,Default
98,Other Plastic,OTHER ITEMS,1.401479491964,,4.7347951174595,4841,2220336,1,27.783611812255,-82.624167433086,St. Petersburg, Florida, United States of America,20221004230640,0,55855,154,Default
98,Other Plastic,OTHER ITEMS,1.401479491964,,4.7347951174595,4841,2220337,1,27.783611812255,-82.624167433086,St. Petersburg, Florida, United States of America,20221004230640,0,55855,154,Default
98,Other Plastic,OTHER ITEMS,1.2233596649021,,4.7334219860175,4841,2220338,1,27.783600997231,-82.624163634117,St. Petersburg, Florida, United States of America,20221004230650,0,55855,154,Default
98,Other Plastic,OTHER ITEMS,0.94016926083714,,4.7403901519157,4841,2220341,1,27.783620503633,-82.624156286915,St. Petersburg, Florida, United States of America,20221004230906,0,55855,154,Default
98,Other Plastic,OTHER ITEMS,0.94016926083714,,4.7394270556248,4841,2220342,1,27.783620503633,-82.624156286915,St. Petersburg, Florida, United States of America,20221004230907,0,55855,154,Default
98,Other Plastic,OTHER ITEMS,2.1843762313947,,4.8789893461507,4841,2220343,1,27.783710721648,-82.624109464273,St. Petersburg, Florida, United States of America,20221004231049,0,55855,154,Default
98,Other Plastic,OTHER ITEMS,2.0930107636377,,4.8944275591232,4841,2220344,1,27.783714112893,-82.624109766514,St. Petersburg, Florida, United States of America,20221004231054,0,55855,154,Default
98,Other Plastic,OTHER ITEMS,2.0065389852971,,4.8115370569945,4841,2220356,1,27.783910603031,-82.624016346195,St. Petersburg, Florida, United States of America,20221004231555,0,55855,154,Default
98,Other Plastic,OTHER ITEMS,2.0065389852971,,4.8115370569945,4841,2220357,1,27.783910603031,-82.624016346195,St. Petersburg, Florida, United States of America,20221004231555,0,55855,154,Default
98,Other Plastic,OTHER ITEMS,2.0065389852971,,4.8121237363642,4841,2220358,1,27.783910603031,-82.624016346195,St. Petersburg, Florida, United States of America,20221004231556,0,55855,154,Default
93,Gun Shells,,2.0025626029819,,4.816252753065,3410,2220331,1,27.783542661321,-82.624164902645,St. Petersburg, Florida, United States of America,20221004230443,0,55855,154,Default
92,Glass Fragments,FISHING GEAR,89.232981133352,,5,1921,2220182,12,43.225825438316,-79.757692348286,Hamilton, Ontario, Canada,20221004123418,0,55851,831,Green Venture Cleans Up
92,Glass Fragments,FISHING GEAR,89.343371629599,,5,1921,2220183,6,43.225825438316,-79.757692348286,Hamilton, Ontario, Canada,20221004123421,0,55851,831,Green Venture Cleans Up
92,Glass Fragments,FISHING GEAR,89.255645205358,,5,1921,2220184,6,43.225825438316,-79.757692348286,Hamilton, Ontario, Canada,20221004123424,0,55851,831,Green Venture Cleans Up
92,Glass Fragments,FISHING GEAR,69.900001525879,,13.034000396729,1921,2220212,1,43.22439,-79.7862314,Hamilton, Ontario, Canada,20221004161259,0,55852,831,Green Venture Cleans Up
92,Glass Fragments,FISHING GEAR,68.900001525879,,10.130999565125,1921,2220213,1,43.2244183,-79.7861753,Hamilton, Ontario, Canada,20221004161423,0,55852,831,Green Venture Cleans Up
89,Other Metal,METAL,1.9825007254258,,4.8360924005314,4842,2220274,1,27.783110525322,-82.624171854322,St. Petersburg, Florida, United States of America,20221004224810,0,55855,154,Default
89,Other Metal,METAL,1.281616743654,,4.739551092278,4842,2220286,1,27.783111898263,-82.624137892795,St. Petersburg, Florida, United States of America,20221004225203,0,55855,154,Default
89,Other Metal,METAL,1.4601462511346,,4.7383728796501,4842,2220315,1,27.783423939037,-82.624162048234,St. Petersburg, Florida, United States of America,20221004230019,0,55855,154,Default
77,Other Glass,FISHING GEAR,0.32590963598341,,4.7418813798074,4845,2220269,1,27.782894781692,-82.624208702583,St. Petersburg, Florida, United States of America,20221004224614,0,55855,154,Default
72,Plastic Film,OTHER ITEMS,0.86341486126184,,4.7387207157336,1919,2220300,1,27.783279698442,-82.624207279953,St. Petersburg, Florida, United States of America,20221004225651,0,55855,154,Default
72,Plastic Film,OTHER ITEMS,0.86341486126184,,4.7389557817771,1919,2220301,1,27.783279698442,-82.624207279953,St. Petersburg, Florida, United States of America,20221004225652,0,55855,154,Default
41,Metal Fragments,METAL,69.099998474121,,11.541000366211,1920,2220215,1,43.224372,-79.7862228,Hamilton, Ontario, Canada,20221004161629,0,55852,831,Green Venture Cleans Up
41,Metal Fragments,METAL,1.252813860774,,4.7375294401441,1920,2220314,1,27.783431077368,-82.624154143805,St. Petersburg, Florida, United States of America,20221004230012,0,55855,154,Default
34,Plastic Rope or Net,CLOTH,69.900001525879,,9.2239999771118,203,2220209,1,43.2243873,-79.78619,Hamilton, Ontario, Canada,20221004160956,0,55852,831,Green Venture Cleans Up
34,Plastic Rope or Net,CLOTH,70.200004577637,,3.8450000286102,203,2220217,1,43.2243783,-79.7862037,Hamilton, Ontario, Canada,20221004174805,0,55852,831,Green Venture Cleans Up
34,Plastic Rope or Net,CLOTH,70.200004577637,,3.8450000286102,203,2220218,1,43.2243783,-79.7862037,Hamilton, Ontario, Canada,20221004174805,0,55852,831,Green Venture Cleans Up
30,Paper and Cardboard,PAPER & LUMBER,92.531328276587,,5,200,2220191,1,43.225819529074,-79.756112527177,Hamilton, Ontario, Canada,20221004123840,0,55851,831,Green Venture Cleans Up
30,Paper and Cardboard,PAPER & LUMBER,92.518954388761,,5,200,2220192,1,43.225819529074,-79.756112527177,Hamilton, Ontario, Canada,20221004123841,0,55851,831,Green Venture Cleans Up
30,Paper and Cardboard,PAPER & LUMBER,69.900001525879,,3.9389998912811,200,2220210,1,43.2243886,-79.7862279,Hamilton, Ontario, Canada,20221004161136,0,55852,831,Green Venture Cleans Up
29,Paper Food Wrappers,PAPER & LUMBER,92.507446686407,,5,194,2220193,3,43.225819529074,-79.756112527177,Hamilton, Ontario, Canada,20221004123844,0,55851,831,Green Venture Cleans Up
29,Paper Food Wrappers,PAPER & LUMBER,69.099998474121,,9.3819999694824,194,2220208,1,43.224396,-79.7862782,Hamilton, Ontario, Canada,20221004160847,0,55852,831,Green Venture Cleans Up
29,Paper Food Wrappers,PAPER & LUMBER,69.5,,15.067000389099,194,2220214,1,43.2243647,-79.7862425,Hamilton, Ontario, Canada,20221004161556,0,55852,831,Green Venture Cleans Up
29,Paper Food Wrappers,PAPER & LUMBER,0.77595324255526,,4.748917438694,194,2220268,1,27.782672531799,-82.624366845663,St. Petersburg, Florida, United States of America,20221004224455,0,55855,154,Default
29,Paper Food Wrappers,PAPER & LUMBER,1.7480392223224,,4.7444283286813,194,2220292,1,27.783281534707,-82.624189678474,St. Petersburg, Florida, United States of America,20221004225548,0,55855,154,Default
28,Lumber/Building Materials,PAPER & LUMBER,1.1061910679564,,4.7344834966928,183,2220310,1,27.783386298525,-82.624136215352,St. Petersburg, Florida, United States of America,20221004225921,0,55855,154,Default
28,Lumber/Building Materials,PAPER & LUMBER,1.5634204857051,,4.7374419268778,183,2220316,1,27.783423037225,-82.624160412155,St. Petersburg, Florida, United States of America,20221004230029,0,55855,154,Default
28,Lumber/Building Materials,PAPER & LUMBER,1.152673587203,,4.7352375289932,183,2220325,1,27.783397383386,-82.624187722717,St. Petersburg, Florida, United States of America,20221004230227,0,55855,154,Default
28,Lumber/Building Materials,PAPER & LUMBER,1.549637700431,,4.7417627860134,183,2220352,1,27.783848455781,-82.624087031847,St. Petersburg, Florida, United States of America,20221004231427,0,55855,154,Default
24,Fabric pieces,GLASS,1.3078098939732,,4.7358676655376,191,2220326,1,27.783432138713,-82.624183671543,St. Petersburg, Florida, United States of America,20221004230331,0,55855,154,Default
23,Clothing and Shoes,GLASS,68.599998474121,,10.538000106812,188,2220207,1,43.2243956,-79.7862824,Hamilton, Ontario, Canada,20221004160837,0,55852,831,Green Venture Cleans Up
17,Aluminum or Tin Cans,METAL,92.406511838872,,5,175,2220190,1,43.225814499933,-79.756187712848,Hamilton, Ontario, Canada,20221004123819,0,55851,831,Green Venture Cleans Up
17,Aluminum or Tin Cans,METAL,94.888552183642,,5,175,2220206,1,43.224510904442,-79.754906203672,Hamilton, Ontario, Canada,20221004124159,0,55851,831,Green Venture Cleans Up
15,Straws,PLASTIC,1.2450390681624,,7.159192501859,207,2220266,1,27.782547385907,-82.624458882208,St. Petersburg, Florida, United States of America,20221004224402,0,55855,154,Default
15,Straws,PLASTIC,1.4656228814274,,4.7743292592194,207,2220272,1,27.783046540359,-82.624128107194,St. Petersburg, Florida, United States of America,20221004224644,0,55855,154,Default
15,Straws,PLASTIC,1.4269052706659,,4.7478094375305,207,2220291,1,27.783274380328,-82.624173199088,St. Petersburg, Florida, United States of America,20221004225448,0,55855,154,Default
13,Plastic Utensils,PLASTIC,2.105966697447,,4.7590722401765,205,2220303,1,27.783382611749,-82.624157790338,St. Petersburg, Florida, United States of America,20221004225805,0,55855,154,Default
12,Plastic or Foam Fragments,PLASTIC,1.3255392462015,,4.7732534321817,1917,2220267,1,27.782586686564,-82.624428948759,St. Petersburg, Florida, United States of America,20221004224439,0,55855,154,Default
12,Plastic or Foam Fragments,PLASTIC,1.5225713774562,,4.7549533128457,1917,2220345,1,27.783742274428,-82.624107030888,St. Petersburg, Florida, United States of America,20221004231115,0,55855,154,Default
12,Plastic or Foam Fragments,PLASTIC,7.4469580994919,,13.662686332135,1917,2220362,12,48.633040603339,-123.40824185836,North Saanich, British Columbia, Canada,20221004235022,0,55856,154,Default
11,Personal Care Products,PLASTIC,86.793148012642,,5,201,2220179,1,43.224723218049,-79.760190155431,Hamilton, Ontario, Canada,20221004123006,0,55851,831,Green Venture Cleans Up
11,Personal Care Products,PLASTIC,86.866065639586,,5,201,2220180,1,43.224738473113,-79.76018596448,Hamilton, Ontario, Canada,20221004123007,0,55851,831,Green Venture Cleans Up
11,Personal Care Products,PLASTIC,86.860255577202,,5,201,2220181,1,43.224750249687,-79.760180851519,Hamilton, Ontario, Canada,20221004123008,0,55851,831,Green Venture Cleans Up
11,Personal Care Products,PLASTIC,92.473020093285,,5,201,2220189,1,43.225814499933,-79.756187712848,Hamilton, Ontario, Canada,20221004123813,0,55851,831,Green Venture Cleans Up
11,Personal Care Products,PLASTIC,71.800003051758,,11.739000320435,201,2220220,1,43.2243684,-79.7861955,Hamilton, Ontario, Canada,20221004174845,0,55852,831,Green Venture Cleans Up
8,Plastic Food Wrappers,PLASTIC,6.5956239774823,,4.4376212528561,195,2220169,3,26.258177538417,-80.202144524157,Margate, Florida, United States of America,20221004115032,0,55850,154,Default
8,Plastic Food Wrappers,PLASTIC,93.699123382568,,10,195,2220170,1,43.221969637129,-79.761364460066,Hamilton, Ontario, Canada,20221004122536,0,55851,831,Green Venture Cleans Up
8,Plastic Food Wrappers,PLASTIC,94.201564788818,,5,195,2220171,1,43.222048468928,-79.761336967423,Hamilton, Ontario, Canada,20221004122542,0,55851,831,Green Venture Cleans Up
8,Plastic Food Wrappers,PLASTIC,92.492426738344,,5,195,2220187,1,43.225814499933,-79.756187712848,Hamilton, Ontario, Canada,20221004123801,0,55851,831,Green Venture Cleans Up
8,Plastic Food Wrappers,PLASTIC,92.492426738344,,5,195,2220188,1,43.225814499933,-79.756187712848,Hamilton, Ontario, Canada,20221004123801,0,55851,831,Green Venture Cleans Up
8,Plastic Food Wrappers,PLASTIC,71,,7.6119999885559,195,2220211,1,43.2243853,-79.786232,Hamilton, Ontario, Canada,20221004161205,0,55852,831,Green Venture Cleans Up
8,Plastic Food Wrappers,PLASTIC,1.3484490122646,,4.7379801362419,195,2220329,1,27.783422846284,-82.62419511286,St. Petersburg, Florida, United States of America,20221004230404,0,55855,154,Default
8,Plastic Food Wrappers,PLASTIC,1.5734468912706,,4.7367611790727,195,2220330,1,27.783420010765,-82.624194910247,St. Petersburg, Florida, United States of America,20221004230411,0,55855,154,Default
7,Foam or Plastic Cups or Plates,PLASTIC,87.227391067545,,5,189,2220178,1,43.224608721252,-79.760294929221,Hamilton, Ontario, Canada,20221004122953,0,55851,831,Green Venture Cleans Up
7,Foam or Plastic Cups or Plates,PLASTIC,92.456203231099,,5,189,2220205,1,43.225540705065,-79.755285149514,Hamilton, Ontario, Canada,20221004124010,0,55851,831,Green Venture Cleans Up
7,Foam or Plastic Cups or Plates,PLASTIC,1.3167512984946,,4.7441308722206,189,2220285,1,27.783117083634,-82.624138032803,St. Petersburg, Florida, United States of America,20221004225156,0,55855,154,Default
6,Cigarettes/Cigars,PLASTIC,92.651041743808,,5,187,2220172,3,43.222321425605,-79.761090120375,Hamilton, Ontario, Canada,20221004122609,0,55851,831,Green Venture Cleans Up
6,Cigarettes/Cigars,PLASTIC,92.651041743808,,5,187,2220173,1,43.222321425605,-79.761090120375,Hamilton, Ontario, Canada,20221004122609,0,55851,831,Green Venture Cleans Up
6,Cigarettes/Cigars,PLASTIC,92.658625682053,,5,187,2220174,2,43.222333495545,-79.761088611632,Hamilton, Ontario, Canada,20221004122610,0,55851,831,Green Venture Cleans Up
6,Cigarettes/Cigars,PLASTIC,92.35066036287,,5,187,2220175,2,43.222354534122,-79.761086516157,Hamilton, Ontario, Canada,20221004122612,0,55851,831,Green Venture Cleans Up
6,Cigarettes/Cigars,PLASTIC,92.35066036287,,5,187,2220176,1,43.222354534122,-79.761086516157,Hamilton, Ontario, Canada,20221004122612,0,55851,831,Green Venture Cleans Up
6,Cigarettes/Cigars,PLASTIC,92.364464993075,,5,187,2220194,2,43.225701511878,-79.755888395086,Hamilton, Ontario, Canada,20221004123911,0,55851,831,Green Venture Cleans Up
6,Cigarettes/Cigars,PLASTIC,92.278301542582,,5,187,2220195,1,43.225701511878,-79.755888395086,Hamilton, Ontario, Canada,20221004123913,0,55851,831,Green Venture Cleans Up
6,Cigarettes/Cigars,PLASTIC,92.436804181529,,11.462646335579,187,2220196,1,43.225619997869,-79.755659569129,Hamilton, Ontario, Canada,20221004123930,0,55851,831,Green Venture Cleans Up
6,Cigarettes/Cigars,PLASTIC,92.390344661938,,11.810471382473,187,2220197,1,43.225617273751,-79.755648085922,Hamilton, Ontario, Canada,20221004123931,0,55851,831,Green Venture Cleans Up
6,Cigarettes/Cigars,PLASTIC,92.300794113587,,12.702361175434,187,2220198,1,43.22561475918,-79.755636686533,Hamilton, Ontario, Canada,20221004123932,0,55851,831,Green Venture Cleans Up
6,Cigarettes/Cigars,PLASTIC,92.486277731062,,12.917681595429,187,2220199,1,43.225610735866,-79.75557122387,Hamilton, Ontario, Canada,20221004123937,0,55851,831,Green Venture Cleans Up
6,Cigarettes/Cigars,PLASTIC,92.486277731062,,12.917681595429,187,2220200,1,43.225610735866,-79.75557122387,Hamilton, Ontario, Canada,20221004123937,0,55851,831,Green Venture Cleans Up
6,Cigarettes/Cigars,PLASTIC,92.540760153113,,12.917681595429,187,2220201,1,43.225610735866,-79.75557122387,Hamilton, Ontario, Canada,20221004123938,0,55851,831,Green Venture Cleans Up
6,Cigarettes/Cigars,PLASTIC,92.540760153113,,12.917681595429,187,2220202,1,43.225610735866,-79.75557122387,Hamilton, Ontario, Canada,20221004123938,0,55851,831,Green Venture Cleans Up
6,Cigarettes/Cigars,PLASTIC,92.540760153113,,12.917681595429,187,2220203,1,43.225610735866,-79.75557122387,Hamilton, Ontario, Canada,20221004123938,0,55851,831,Green Venture Cleans Up
6,Cigarettes/Cigars,PLASTIC,92.528525537551,,13.655526578518,187,2220204,1,43.225597953464,-79.755443818941,Hamilton, Ontario, Canada,20221004123948,0,55851,831,Green Venture Cleans Up
6,Cigarettes/Cigars,PLASTIC,1.3170844707638,,4.7462343648811,187,2220277,1,27.783119366737,-82.624123728475,St. Petersburg, Florida, United States of America,20221004225026,0,55855,154,Default
6,Cigarettes/Cigars,PLASTIC,0.91386876162142,,4.7440111760849,187,2220295,1,27.783263628424,-82.624197187529,St. Petersburg, Florida, United States of America,20221004225623,0,55855,154,Default
6,Cigarettes/Cigars,PLASTIC,1.7444192050025,,4.7668771724063,187,2220350,1,27.783806959301,-82.62407305658,St. Petersburg, Florida, United States of America,20221004231306,0,55855,154,Default
6,Cigarettes/Cigars,PLASTIC,1.9584324620664,,4.8251660732292,187,2220355,1,27.783905571307,-82.62399960765,St. Petersburg, Florida, United States of America,20221004231547,0,55855,154,Default
6,Cigarettes/Cigars,PLASTIC,1.1004163045436,,4.7378806099358,1915,2220282,1,27.783119249856,-82.624142257324,St. Petersburg, Florida, United States of America,20221004225133,0,55855,154,Default
6,Cigarettes/Cigars,PLASTIC,0.56768404878676,,4.7429027199942,1915,2220296,1,27.783262642574,-82.624188348362,St. Petersburg, Florida, United States of America,20221004225624,0,55855,154,Default
4,Plastic Caps or Lids,PLASTIC,87.192613608364,,5,181,2220177,1,43.224413464817,-79.760384447947,Hamilton, Ontario, Canada,20221004122934,0,55851,831,Green Venture Cleans Up
4,Plastic Caps or Lids,PLASTIC,1.3170844707638,,4.7419845472582,181,2220276,1,27.783119366737,-82.624123728475,St. Petersburg, Florida, United States of America,20221004225020,0,55855,154,Default
4,Plastic Caps or Lids,PLASTIC,0.8450667206198,,4.7383197398952,181,2220278,1,27.783121482459,-82.624115118881,St. Petersburg, Florida, United States of America,20221004225036,0,55855,154,Default
4,Plastic Caps or Lids,PLASTIC,1.133347582072,,4.7357825263893,181,2220280,1,27.783117639107,-82.624141441951,St. Petersburg, Florida, United States of America,20221004225124,0,55855,154,Default
4,Plastic Caps or Lids,PLASTIC,1.133347582072,,4.7357825263893,181,2220281,1,27.783117639107,-82.624141441951,St. Petersburg, Florida, United States of America,20221004225124,0,55855,154,Default
4,Plastic Caps or Lids,PLASTIC,1.6219419790432,,4.7409614526907,181,2220283,1,27.78311577503,-82.624136160447,St. Petersburg, Florida, United States of America,20221004225141,0,55855,154,Default
4,Plastic Caps or Lids,PLASTIC,1.2266987925395,,4.7413308217516,181,2220284,1,27.783113376156,-82.624136549683,St. Petersburg, Florida, United States of America,20221004225142,0,55855,154,Default
4,Plastic Caps or Lids,PLASTIC,1.829070222564,,4.7537361050114,181,2220290,1,27.783268866084,-82.624194461097,St. Petersburg, Florida, United States of America,20221004225435,0,55855,154,Default
4,Plastic Caps or Lids,PLASTIC,0.59337264951319,,4.7459694459563,181,2220297,1,27.783262042556,-82.624188430069,St. Petersburg, Florida, United States of America,20221004225627,0,55855,154,Default
4,Plastic Caps or Lids,PLASTIC,0.59337264951319,,4.7459694459563,181,2220298,1,27.783262042556,-82.624188430069,St. Petersburg, Florida, United States of America,20221004225627,0,55855,154,Default
4,Plastic Caps or Lids,PLASTIC,0.71443878859282,,4.7480692932455,181,2220299,1,27.783262030173,-82.624188108119,St. Petersburg, Florida, United States of America,20221004225633,0,55855,154,Default
4,Plastic Caps or Lids,PLASTIC,1.9103091685101,,4.7618662618516,181,2220304,1,27.783381716369,-82.624151399948,St. Petersburg, Florida, United States of America,20221004225818,0,55855,154,Default
4,Plastic Caps or Lids,PLASTIC,1.9103091685101,,4.7618662618516,181,2220305,1,27.783381716369,-82.624151399948,St. Petersburg, Florida, United States of America,20221004225818,0,55855,154,Default
4,Plastic Caps or Lids,PLASTIC,1.2216889942065,,4.7369393883441,181,2220311,1,27.783407149364,-82.624158355649,St. Petersburg, Florida, United States of America,20221004225948,0,55855,154,Default
4,Plastic Caps or Lids,PLASTIC,1.43341664318,,4.7388631862045,181,2220319,1,27.783391474545,-82.624198999913,St. Petersburg, Florida, United States of America,20221004230155,0,55855,154,Default
4,Plastic Caps or Lids,PLASTIC,1.43341664318,,4.7392842008805,181,2220320,1,27.783391474545,-82.624198999913,St. Petersburg, Florida, United States of America,20221004230156,0,55855,154,Default
4,Plastic Caps or Lids,PLASTIC,1.43341664318,,4.7392842008805,181,2220321,1,27.783391474545,-82.624198999913,St. Petersburg, Florida, United States of America,20221004230156,0,55855,154,Default
4,Plastic Caps or Lids,PLASTIC,1.43341664318,,4.7387423093955,181,2220322,1,27.783391474545,-82.624198999913,St. Petersburg, Florida, United States of America,20221004230203,0,55855,154,Default
4,Plastic Caps or Lids,PLASTIC,1.43341664318,,4.7391682038184,181,2220323,1,27.783391474545,-82.624198999913,St. Petersburg, Florida, United States of America,20221004230204,0,55855,154,Default
4,Plastic Caps or Lids,PLASTIC,0.89664913993329,,4.7357177235452,181,2220327,1,27.783429729171,-82.624185511489,St. Petersburg, Florida, United States of America,20221004230359,0,55855,154,Default
4,Plastic Caps or Lids,PLASTIC,1.5810552686453,,4.7753776939956,181,2220332,1,27.783556351464,-82.624166382883,St. Petersburg, Florida, United States of America,20221004230520,0,55855,154,Default
4,Plastic Caps or Lids,PLASTIC,1.5810552686453,,4.7743842248682,181,2220333,1,27.783556351464,-82.624166382883,St. Petersburg, Florida, United States of America,20221004230521,0,55855,154,Default
4,Plastic Caps or Lids,PLASTIC,1.8192728776485,,4.7394910359868,181,2220334,1,27.783557911451,-82.624164656167,St. Petersburg, Florida, United States of America,20221004230536,0,55855,154,Default
4,Plastic Caps or Lids,PLASTIC,1.898662311025,,4.7684475745863,181,2220339,1,27.78361212239,-82.624159241281,St. Petersburg, Florida, United States of America,20221004230729,0,55855,154,Default
4,Plastic Caps or Lids,PLASTIC,1.898662311025,,4.7662932465252,181,2220340,1,27.78361212239,-82.624159241281,St. Petersburg, Florida, United States of America,20221004230730,0,55855,154,Default
4,Plastic Caps or Lids,PLASTIC,1.6616582451388,,4.7424207874887,181,2220346,1,27.783742077821,-82.624118351886,St. Petersburg, Florida, United States of America,20221004231127,0,55855,154,Default
4,Plastic Caps or Lids,PLASTIC,0.64225954934955,,4.7434750411454,181,2220347,1,27.783741991543,-82.624137462144,St. Petersburg, Florida, United States of America,20221004231230,0,55855,154,Default
4,Plastic Caps or Lids,PLASTIC,1.1973959524184,,4.7579687031116,181,2220351,1,27.783799565669,-82.62408167109,St. Petersburg, Florida, United States of America,20221004231308,0,55855,154,Default
4,Plastic Caps or Lids,PLASTIC,1.9789156774059,,4.7576317391102,181,2220353,1,27.78385040232,-82.624062100069,St. Petersburg, Florida, United States of America,20221004231445,0,55855,154,Default
4,Plastic Caps or Lids,PLASTIC,2.2555628335103,,4.9913799967609,181,2220354,1,27.783910946198,-82.623989153275,St. Petersburg, Florida, United States of America,20221004231541,0,55855,154,Default
4,Plastic Caps or Lids,PLASTIC,0.87692186422646,,4.7439120320712,181,2220359,1,27.783922276327,-82.624015700408,St. Petersburg, Florida, United States of America,20221004231716,0,55855,154,Default
4,Plastic Caps or Lids,PLASTIC,0.97753560915589,,4.7540910950174,181,2220360,1,27.78391991646,-82.624029082652,St. Petersburg, Florida, United States of America,20221004231726,0,55855,154,Default
3,Plastic Bottle,PLASTIC,92.23604560932,,5,179,2220185,1,43.225715216289,-79.757334943935,Hamilton, Ontario, Canada,20221004123505,0,55851,831,Green Venture Cleans Up
3,Plastic Bottle,PLASTIC,92.443482783792,,5,179,2220186,1,43.225820157717,-79.756284188553,Hamilton, Ontario, Canada,20221004123700,0,55851,831,Green Venture Cleans Up
3,Plastic Bottle,PLASTIC,1.0162190273404,,4.7653227741946,179,2220271,1,27.783006099614,-82.624165418069,St. Petersburg, Florida, United States of America,20221004224634,0,55855,154,Default
3,Plastic Bottle,PLASTIC,2.0077526904643,,4.7868560599469,179,2220273,1,27.783109900246,-82.624174368648,St. Petersburg, Florida, United States of America,20221004224759,0,55855,154,Default
3,Plastic Bottle,PLASTIC,1.4600664693862,,4.7394823621643,179,2220275,1,27.783124142963,-82.624152040911,St. Petersburg, Florida, United States of America,20221004224903,0,55855,154,Default
3,Plastic Bottle,PLASTIC,1.2703581182286,,4.7374051557703,179,2220312,1,27.783437563188,-82.624150199704,St. Petersburg, Florida, United States of America,20221004225950,0,55855,154,Default
3,Plastic Bottle,PLASTIC,1.4823609255254,,4.7370333816918,179,2220313,1,27.783435435165,-82.624147581897,St. Petersburg, Florida, United States of America,20221004225958,0,55855,154,Default
3,Plastic Bottle,PLASTIC,1.4160447511822,,4.7360841136178,179,2220328,1,27.783424384601,-82.624192798486,St. Petersburg, Florida, United States of America,20221004230401,0,55855,154,Default
3,Plastic Bottle,PLASTIC,1.507281286642,,4.735591490737,179,2220335,1,27.783555558338,-82.624165296725,St. Petersburg, Florida, United States of America,20221004230538,0,55855,154,Default
1,Plastic Bags,PLASTIC,71.599998474121,,12.256999969482,177,2220221,1,43.2243686,-79.7861954,Hamilton, Ontario, Canada,20221004174849,0,55852,831,Green Venture Cleans Up
1,Plastic Bags,PLASTIC,0.56660360563546,,4.7414974895295,177,2220270,1,27.782964386024,-82.624179035863,St. Petersburg, Florida, United States of America,20221004224626,0,55855,154,Default
1,Plastic Bags,PLASTIC,1.43341664318,,4.7359789356997,177,2220324,1,27.783391474545,-82.624198999913,St. Petersburg, Florida, United States of America,20221004230208,0,55855,154,Default
98,Other Plastic,OTHER ITEMS,0,,3574.6563939056,1558,2220232,3,31.032897827228,-81.407596647272,Glynn County, Georgia, United States of America,20221004184655,0,55853,171,Default
84,Paper Cups / Plates / Napkins,BOAT PARTS,0,,3574.6563939056,1562,2220244,5,31.032897827228,-81.407596647272,Glynn County, Georgia, United States of America,20221004184734,0,55853,171,Default
62,Medical Waste,,0,,3574.6563939056,1561,2220246,1,31.032897827228,-81.407596647272,Glynn County, Georgia, United States of America,20221004184739,0,55853,171,Default
29,Paper Food Wrappers,PAPER & LUMBER,0,,3574.6563939056,801,2220243,2,31.032897827228,-81.407596647272,Glynn County, Georgia, United States of America,20221004184732,0,55853,171,Default
28,Lumber/Building Materials,PAPER & LUMBER,2.2112697847188,,4.7368056465974,790,2220167,1,31.067600839144,-81.403508273908,Brunswick, Georgia, United States of America,20221004111526,0,55849,171,Default
26,Towels or rags,GLASS,0,,3574.6563939056,817,2220242,1,31.032897827228,-81.407596647272,Glynn County, Georgia, United States of America,20221004184724,0,55853,171,Default
23,Clothing and Shoes,GLASS,2.897597849369,,4.7376222049468,795,2220163,1,31.06852916447,-81.403333824391,Brunswick, Georgia, United States of America,20221004105415,0,55849,171,Default
21,Flip-flops,RUBBER,1.4376430828124,,4.7404496982932,800,2220164,1,31.074145867075,-81.402525200904,Brunswick, Georgia, United States of America,20221004110355,0,55849,171,Default
18,Metal Bottle Caps or Tabs,METAL,0,,3574.6563939056,789,2220241,4,31.032897827228,-81.407596647272,Glynn County, Georgia, United States of America,20221004184720,0,55853,171,Default
17,Aluminum or Tin Cans,METAL,2.070115333423,,4.7417920388709,782,2220168,1,31.066598757368,-81.403687631457,Brunswick, Georgia, United States of America,20221004111705,0,55849,171,Default
17,Aluminum or Tin Cans,METAL,0,,3574.6563939056,782,2220240,1,31.032897827228,-81.407596647272,Glynn County, Georgia, United States of America,20221004184718,0,55853,171,Default
15,Straws,PLASTIC,0,,3574.6563939056,814,2220233,2,31.032897827228,-81.407596647272,Glynn County, Georgia, United States of America,20221004184657,0,55853,171,Default
13,Plastic Utensils,PLASTIC,0,,3574.6563939056,812,2220235,1,31.032897827228,-81.407596647272,Glynn County, Georgia, United States of America,20221004184703,0,55853,171,Default
12,Plastic or Foam Fragments,PLASTIC,2.1776397405192,,4.7394870559862,809,2220165,1,31.067822408056,-81.40347030404,Brunswick, Georgia, United States of America,20221004111439,0,55849,171,Default
12,Plastic or Foam Fragments,PLASTIC,2.0789359714836,,4.7406408415102,809,2220166,1,31.067598963181,-81.403509753795,Brunswick, Georgia, United States of America,20221004111516,0,55849,171,Default
12,Plastic or Foam Fragments,PLASTIC,0,,3574.6563939056,809,2220234,9,31.032897827228,-81.407596647272,Glynn County, Georgia, United States of America,20221004184702,0,55853,171,Default
11,Personal Care Products,PLASTIC,0,,3574.6563939056,808,2220245,1,31.032897827228,-81.407596647272,Glynn County, Georgia, United States of America,20221004184738,0,55853,171,Default
8,Plastic Food Wrappers,PLASTIC,0,,3574.6563939056,802,2220230,4,31.032897827228,-81.407596647272,Glynn County, Georgia, United States of America,20221004184650,0,55853,171,Default
7,Foam or Plastic Cups or Plates,PLASTIC,0,,3574.6563939056,796,2220231,2,31.032897827228,-81.407596647272,Glynn County, Georgia, United States of America,20221004184652,0,55853,171,Default
6,Cigarettes/Cigars,PLASTIC,0,,3574.6563939056,794,2220237,14,31.032897827228,-81.407596647272,Glynn County, Georgia, United States of America,20221004184711,0,55853,171,Default
6,Cigarettes/Cigars,PLASTIC,0,,3574.6563939056,1556,2220239,3,31.032897827228,-81.407596647272,Glynn County, Georgia, United States of America,20221004184714,0,55853,171,Default
5,Tobacco Packaging or Lighters,PLASTIC,0,,3574.6563939056,792,2220238,1,31.032897827228,-81.407596647272,Glynn County, Georgia, United States of America,20221004184713,0,55853,171,Default
4,Plastic Caps or Lids,PLASTIC,0,,3574.6563939056,788,2220229,11,31.032897827228,-81.407596647272,Glynn County, Georgia, United States of America,20221004184648,0,55853,171,Default
4,Plastic Caps or Lids,PLASTIC,0,,3574.6563939056,1560,2220236,4,31.032897827228,-81.407596647272,Glynn County, Georgia, United States of America,20221004184705,0,55853,171,Default
2,Balloon and/or String,PLASTIC,0,,3574.6563939056,785,2220228,1,31.032897827228,-81.407596647272,Glynn County, Georgia, United States of America,20221004184638,0,55853,171,Default
1,Plastic Bags,PLASTIC,0,,3574.6563939056,784,2220227,1,31.032897827228,-81.407596647272,Glynn County, Georgia, United States of America,20221004184637,0,55853,171,Default
137,Fishing Line,PLASTIC,15.386270523071,,18.639398360432,1042,2220251,1,42.913582504496,-70.8091929254,Hampton Beach, New Hampshire, United States of America,20221004230534,0,55854,178,Default
98,Other Plastic,OTHER ITEMS,15.373472213745,,18.639398360432,1052,2220253,1,42.913582504496,-70.8091929254,Hampton Beach, New Hampshire, United States of America,20221004230549,0,55854,178,Default
92,Glass Fragments,FISHING GEAR,15.365907669067,,18.639398360432,1101,2220258,1,42.913582504496,-70.8091929254,Hampton Beach, New Hampshire, United States of America,20221004230635,0,55854,178,Default
92,Glass Fragments,FISHING GEAR,15.365907669067,,18.639398360432,1101,2220259,1,42.913582504496,-70.8091929254,Hampton Beach, New Hampshire, United States of America,20221004230635,0,55854,178,Default
72,Plastic Film,OTHER ITEMS,15.386270523071,,18.639398360432,1041,2220250,6,42.913582504496,-70.8091929254,Hampton Beach, New Hampshire, United States of America,20221004230534,0,55854,178,Default
68,Lobster Claw Bands,CLOTH,15.367162704468,,18.639398360432,1067,2220255,2,42.913582504496,-70.8091929254,Hampton Beach, New Hampshire, United States of America,20221004230620,0,55854,178,Default
36,Other,PAPER & LUMBER,15.390176773071,Paper,18.639398360432,1481,2220260,13,42.913582504496,-70.8091929254,Hampton Beach, New Hampshire, United States of America,20221004230657,0,55854,178,Default
34,Plastic Rope or Net,CLOTH,15.367162704468,,18.639398360432,1070,2220257,1,42.913582504496,-70.8091929254,Hampton Beach, New Hampshire, United States of America,20221004230620,0,55854,178,Default
12,Plastic or Foam Fragments,PLASTIC,15.357469558716,,18.639398360432,1074,2220264,42,42.913582504496,-70.8091929254,Hampton Beach, New Hampshire, United States of America,20221004230735,0,55854,178,Default
12,Plastic or Foam Fragments,PLASTIC,15.363325119019,,18.639398360432,1075,2220263,1,42.913582504496,-70.8091929254,Hampton Beach, New Hampshire, United States of America,20221004230720,0,55854,178,Default
12,Plastic or Foam Fragments,PLASTIC,15.376970291138,,18.639398360432,1079,2220262,22,42.913582504496,-70.8091929254,Hampton Beach, New Hampshire, United States of America,20221004230705,0,55854,178,Default
12,Plastic or Foam Fragments,PLASTIC,15.376970291138,,18.639398360432,1080,2220261,2,42.913582504496,-70.8091929254,Hampton Beach, New Hampshire, United States of America,20221004230705,0,55854,178,Default
11,Personal Care Products,PLASTIC,15.367162704468,,18.639398360432,1068,2220256,3,42.913582504496,-70.8091929254,Hampton Beach, New Hampshire, United States of America,20221004230620,0,55854,178,Default
8,Plastic Food Wrappers,PLASTIC,15.373472213745,,18.639398360432,1049,2220252,7,42.913582504496,-70.8091929254,Hampton Beach, New Hampshire, United States of America,20221004230549,0,55854,178,Default
6,Cigarettes/Cigars,PLASTIC,15.350709915161,,18.639398360432,1064,2220265,114,42.913582504496,-70.8091929254,Hampton Beach, New Hampshire, United States of America,20221004230820,0,55854,178,Default
4,Plastic Caps or Lids,PLASTIC,15.386270523071,,18.639398360432,1040,2220249,4,42.913582504496,-70.8091929254,Hampton Beach, New Hampshire, United States of America,20221004230534,0,55854,178,Default
4,Plastic Caps or Lids,PLASTIC,15.373472213745,,18.639398360432,1054,2220254,1,42.913582504496,-70.8091929254,Hampton Beach, New Hampshire, United States of America,20221004230549,0,55854,178,Default
3,Plastic Bottle,PLASTIC,15.457050323486,,18.639398360432,1039,2220248,1,42.913582504496,-70.8091929254,Hampton Beach, New Hampshire, United States of America,20221004230534,0,55854,178,Default
1,Plastic Bags,PLASTIC,15.396795272827,,18.639398360432,1038,2220247,1,42.913582504496,-70.8091929254,Hampton Beach, New Hampshire, United States of America,20221004230527,0,55854,178,Default
